cluster_id,rho,n_stations,n_obs
0,0.8085198945647878,5,2875
1,0.7359981066677241,6,3450
2,0.6227707505073328,11,6325
3,0.7141793520560267,8,4600
4,0.6976965642439573,7,4025
