cluster,rho,n_observations,n_stations
0,0.8085198945647878,2875,5
2,0.6227707505073328,6325,11
