cluster_id,rho,n_stations,n_obs
0,0.7869920213418979,5,20090
1,0.7546490836037155,6,24108
2,0.6803477142629105,11,44198
3,0.7421794982142353,8,32144
4,0.7154338346493805,7,28126
