station_id,log_pm10,pm10,direct_local,indirect_neighbor,endogenous_spillover,predicted_log_pm10,residual,pct_direct,pct_indirect,pct_endogenous
502604,3.113542762644114,24.064248512068495,0.10234151677541739,-0.06988909372139751,-0.03245242305402,-1.172009349473861e-16,-8.061184570104398e-17,-8.732141669463694e+16,5.963185682159631e+16,2.7689559873040736e+16
502608,3.303264497639628,31.23660562168193,0.08609927576943556,-0.05192329404392098,-0.03417598172551488,-3.008221691071294e-16,4.5663955708495567e-17,-2.8621320039339824e+16,1.7260461287821494e+16,1.136085875151843e+16
502609,3.2123229430024014,27.49789538418078,0.11033514828363618,-0.06068318289587184,-0.0496519653877645,-1.6798157068241498e-16,-1.4459568808001182e-15,-6.56828888046506e+16,3.612490504127927e+16,2.955798376337142e+16
502612,3.397688784787887,33.5146010174568,0.07274176375034778,-0.05390199481709433,-0.018839768933253634,-1.855520568112653e-16,-8.362392903741831e-16,-3.9202887319291336e+16,2.9049526986338324e+16,1.0153360332953112e+16
