Cluster,N_Stations,PM10_mean,PM10_std,TEMP_mean,TEMP_std,BLH_mean,BLH_std,WS_mean,WS_std,PRECIP_mean,PRECIP_std,PRESS_mean,PRESS_std,Characterization
0,13,29.55761735269312,2.8303420121158562,286.58450343065186,0.8224271998171948,320.85789374623687,11.678782375599752,1.5789242278909403,0.39748985732842373,0.0001427522744296644,8.818039759618514e-06,99498.16346612838,1665.9941800582028,High Pollution
1,10,18.949997114908463,3.8303231176049226,281.8214294141675,2.756602156956331,328.6134422491279,14.88293887624157,0.8049557376389064,0.20440550771347138,0.00017266993886530817,1.0039782052513037e-05,89685.77233965904,3989.793023973457,Low Pollution
2,6,16.841273078311573,1.723562415337594,281.3688349745762,2.512196846920143,400.7784915946211,10.07649379521243,0.71657388567351,0.09673822037174659,0.00012735075840673428,2.5570892291704394e-06,88846.13992130551,3078.1603489370846,Low Pollution
3,7,30.838288385725747,2.5271726834251607,287.4901968934142,0.1913071538775455,388.64768328955114,8.296313022500799,1.6789561221838967,0.07615664436992235,0.00011705985798210311,1.524355520166481e-05,100379.76755553285,437.3902606866439,High Pollution
