Variable,Morans_I,P_value,Significant,Pattern
PM10,0.601193348871054,0.001,Yes,Clustered
TEMP,0.5283114073208286,0.001,Yes,Clustered
BLH,0.4666060966575486,0.001,Yes,Clustered
WS,0.6792114960041862,0.001,Yes,Clustered
PRECIP,0.294097204314343,0.002,Yes,Clustered
PRESS,0.656502881176951,0.001,Yes,Clustered
RAD,0.3189168163751804,0.002,Yes,Clustered
