model,log_likelihood,n_parameters,n_observations,AIC,BIC
SDM,-904334.545620263,24,148666,1808717.091240526,1808954.9182195184
SAR,-905079.3460993429,13,148666,1810184.6921986858,1810313.5151456401
SEM,-906134.8576642025,13,148666,1812295.715328405,1812424.5382753592
