model,log_likelihood,n_parameters,n_observations,AIC,BIC
SDM,-100576.88271274649,24,21275,201201.76542549298,201392.93233637558
SAR,-100943.23307932825,13,21275,201912.4661586565,202016.01490205122
SEM,-101091.79505506647,13,21275,202209.59011013294,202313.13885352766
