Source,Weight,PM10,Contribution,Scaled_Contribution
Rovereto,0.16666666666666666,19.694131616061057,3.282355269343509,1.641932082622847
Bolzano_4-Via_C.Augusta,0.16666666666666666,19.19076167493143,3.1984602791552383,1.5999653043011934
"Laives_1,_c/o_campi_sportivi_zona_Galizia",0.16666666666666666,18.191539327797084,3.0319232212995137,1.5166584969019987
"A22_sud,_Termeno,_c/o_Maso_Binnenland",0.16666666666666666,16.911314251151524,2.8185523751919206,1.4099240306507237
