Source,Weight,PM10,Contribution
Parco S. Chiara,0.16666666666666666,19.65855268177039,2.7924368102731
Piana Rotaliana,0.16666666666666666,22.976636386261823,3.263760372387683
Borgo Valsugana,0.16666666666666666,10.118762444001991,1.4373390137333093
