Source,Weight,PM10,Contribution
Parco S. Chiara,0.16666666666666666,19.65855268177039,2.7924368102731
Monte Gaza,0.16666666666666666,22.56352663016426,3.2050794049592155
