Target,Neighbor,Weight,Neighbor_PM10,Contribution
Parco S. Chiara,Piana Rotaliana,0.16666666666666666,22.976636386261823,3.263760372387683
Parco S. Chiara,Monte Gaza,0.16666666666666666,22.56352663016426,3.2050794049592155
Parco S. Chiara,Rovereto,0.16666666666666666,19.694131616061057,2.7974906882157864
Parco S. Chiara,"A22_sud,_Termeno,_c/o_Maso_Binnenland",0.16666666666666666,16.911314251151524,2.4022000596617037
Parco S. Chiara,Borgo Valsugana,0.16666666666666666,10.118762444001991,1.4373390137333093
Parco S. Chiara,Riva del Garda,0.16666666666666666,18.593587212352055,2.641161748135325
